Fecha,CONSUMO X CAPITA,GASTO X CAPITA,PENETRACION (%),PRECIO MEDIO kg,VALOR (Miles Euros),VOLUMEN (Miles Kg)
1999-01-01,4.583462979955902,20.089205342241435,91.75,4.382975368208323,801583.08,182885.6
1999-02-01,3.61867206194335,15.739012131567831,91.34,4.349388909011956,628005.22,144389.3
1999-03-01,3.8008345759401294,16.965297795802673,91.14,4.463571738479656,676935.47,151657.8
1999-04-01,3.428112804644722,14.7058748708545,90.24,4.289787328739482,586781.82,136785.76
1999-05-01,3.6398198052962787,16.071979192888342,91.43,4.415597489057593,641291.0,145233.12
1999-06-01,3.0433319927137186,13.829317174057081,89.79,4.544136889161925,551806.13,121432.55
1999-07-01,3.5131047686630206,16.04472586631193,88.38,4.567107138230341,640203.56,140177.04
1999-08-01,2.722659052771913,12.688958283192138,90.7,4.660502118424866,506304.46,108637.32
1999-09-01,3.360208052849442,15.477158749371782,91.53,4.606012040310187,617556.96,134076.28
1999-10-01,3.8833449093419374,17.70268067534378,91.09,4.558616627834801,706357.92,154950.06
1999-11-01,3.8125570350853253,17.008979206292533,91.16,4.461304853872663,678678.41,152125.54
1999-12-01,4.705281921282783,23.658305191065093,89.48,5.028031388311632,943994.39,187746.32
2000-01-01,4.820704379995045,19.11171143446162,96.02,3.9645059991173452,769855.13,194186.9
2000-02-01,4.31173746260655,18.16176702592125,96.93,4.212169034740352,731589.61,173684.77
2000-03-01,4.368114959955368,20.761780803836448,96.33,4.7530298525038335,836322.98,175955.76
2000-04-01,4.4017382899498685,20.76569869719203,97.25,4.717613208537333,836480.8,177310.17
2000-05-01,4.175640194524987,19.684796555872378,96.4,4.714198455528491,792940.06,168202.52
2000-06-01,3.973538761464223,18.533132772177353,96.02,4.66413790949104,746548.91,160061.5
2000-07-01,4.0411265179853855,19.395442927785684,96.34,4.799513908179954,781284.36,162784.06
2000-08-01,3.6802108871014227,17.484551140909858,92.48,4.750964462985134,704310.1,148245.71
2000-09-01,4.174851005386894,20.457840706360965,97.36,4.900256483396367,824079.71,168170.73
2000-10-01,4.755817591647037,22.421647389107747,96.98,4.714572617017187,903185.48,191573.14
2000-11-01,4.572353087231788,21.054719172770604,97.23,4.6047885565892805,848123.08,184182.85
2000-12-01,5.40759100191927,26.039461442895785,96.81,4.815353349329456,1048917.73,217827.78
2001-01-01,4.948545034753339,21.425866260077036,96.71,4.329730478272794,867318.88,200317.06
2001-02-01,4.0559559103137754,19.233490295316635,96.33,4.742036333878369,778571.52,164185.06
2001-03-01,4.4791333727088025,21.738127690753956,96.64,4.853199465593854,879959.22,181315.28
2001-04-01,4.531891783245185,23.054533852824676,96.21,5.0871766042736,933247.33,183450.94
2001-05-01,4.131430234818031,21.0691799186766,96.37,5.099730292215522,852880.22,167240.26
2001-06-01,4.023886980503878,20.470637053019082,96.24,5.087279327724984,828651.21,162886.91
2001-07-01,3.834760704721797,20.091245173147072,92.51,5.239243520047661,813293.43,155231.08
2001-08-01,3.569302643777061,18.50264997042565,93.2,5.1838277156699775,748987.11,144485.34
2001-09-01,4.207715330247342,22.126945709013334,96.21,5.258660335206813,895698.57,170328.28
2001-10-01,5.257909231606659,26.819549977355358,97.07,5.100801249313334,1085655.15,212840.12
2001-11-01,4.701754220899347,24.283472604812342,96.47,5.164768608463635,982994.76,190326.97
2001-12-01,5.681641041946787,31.638197998054622,97.07,5.5684964545408775,1280713.98,229992.78
2002-01-01,5.300381923985738,28.022888735992534,96.7535294117647,5.295594708041961,1112379.25,210574.16
2002-02-01,4.5362300597935485,23.628968501668787,96.27470588235296,5.174694112240142,901479.1699999999,176253.67
2002-03-01,4.675981830677131,24.969202143619228,96.98882352941177,5.312065195552228,953541.5400000002,180035.73999999996
2002-04-01,4.666938646820367,24.72282903002164,96.66823529411765,5.2763353126018195,986094.2900000002,189475.29999999996
2002-05-01,4.567347565925838,23.98758177366038,96.48352941176472,5.233155368095709,949578.0800000001,183393.47
2002-06-01,4.114591699690671,21.58173673256783,95.6464705882353,5.236679766699229,857061.3599999999,165584.55999999997
2002-07-01,3.9737055039761744,21.219340101471264,93.28823529411765,5.345148836141126,847301.0399999999,160203.14000000004
2002-08-01,4.053095379361564,21.58505104114051,93.7635294117647,5.316601530341135,814987.85,155625.82
2002-09-01,4.235985674980535,22.853045954873156,97.35235294117646,5.3788471681594565,936977.19,175871.83000000002
2002-10-01,4.920715704259969,26.253194805216058,97.77882352941177,5.336509606139412,1043200.72,198750.31
2002-11-01,4.920715704259969,26.253194805216058,97.77882352941177,5.336509606139412,1043200.72,198750.31
2002-12-01,5.984497561462781,35.36330685656232,96.9070588235294,5.932837434811446,1459246.5599999998,247247.11000000004
2003-01-01,5.031143998924541,26.248632957470928,96.36176470588235,5.203060895564605,1054687.3,206172.08
2003-02-01,4.754684342729317,24.708561606163485,97.41,5.1768207282532135,973078.3999999999,190721.92999999996
2003-03-01,4.675940472052142,24.851300993120244,97.27294117647061,5.298181250896008,1006273.3799999998,191342.21
2003-04-01,4.482913358372652,24.038397214053678,96.91470588235292,5.354538688454678,970467.01,183534.18
2003-05-01,4.545485160474723,24.238911760490602,97.62705882352941,5.310577860466046,955596.8400000001,181920.64
2003-06-01,4.005186883958138,21.906392999363145,96.62529411764707,5.443614298285402,871782.75,162114.19
2003-07-01,3.9028053975153796,21.56221866780925,92.59411764705885,5.524326939447932,875595.0599999998,160705.25
2003-08-01,3.6764917384411953,21.158237663789635,92.56764705882354,5.766162193821994,818635.9700000001,143799.37
2003-09-01,4.279221089528448,24.16690989104344,96.9064705882353,5.627544996004309,971624.9299999999,175339.27000000005
2003-10-01,5.378483783523612,30.12628709786014,96.60294117647061,5.601664390077434,1224236.1400000001,222206.69
2003-11-01,4.804462495678061,27.583072785047495,96.7841176470588,5.74275374261282,1105451.0099999998,196656.07
2003-12-01,5.505559832749227,33.514201315666,96.96882352941175,6.110579898711286,1394796.66,228542.17
2004-01-01,4.997947043578421,26.613740206808007,96.68,5.324934413021141,1117382.48,209839.67
2004-02-01,4.3764719300221495,23.843389809450613,96.79,5.448084710857482,1001068.84,183746.93
2004-03-01,4.412314345369682,24.496893849221745,96.83,5.551937584621319,1028506.32,185251.78
2004-04-01,4.430842553046857,24.977865074996302,93.67,5.637272093502924,1048699.98,186029.69
2004-05-01,4.485426584744532,24.911284427182572,93.22,5.553827257346894,1045904.58,188321.41
2004-06-01,3.818386099537331,21.240599518194486,90.44,5.562716541621651,891790.24,160315.6
2004-07-01,3.834060680751546,22.502938733055746,91.25,5.869218201482602,944789.77,160973.7
2004-08-01,3.2478089544836095,19.023084764515882,88.53,5.857205590327121,798687.5,136359.82
2004-09-01,4.168399426596943,25.00830987053717,97.78,5.999499402808864,1049978.21,175010.97
2004-10-01,5.051223947154174,29.894292863653323,96.32,5.918227577396478,1255117.05,212076.51
2004-11-01,4.607327476541807,27.692959060428585,96.03,6.010633974126476,1162693.67,193439.44
2004-12-01,5.6486662907108,37.00620477137431,94.53,6.5513172254892815,1553711.9,237160.23
2005-01-01,4.61921284941089,26.532094764721798,100.0,5.743856286705983,1140153.52,198499.66
2005-02-01,4.303540189408064,24.115097856737417,100.0,5.6035488912337446,1036288.84,184934.38
2005-03-01,4.249669836251067,24.524489735509704,100.0,5.770916490101848,1053881.48,182619.43
2005-04-01,4.430333959654679,25.97516032070284,100.0,5.863025351417858,1116220.59,190383.04
2005-05-01,4.335406995003516,25.50094553238276,100.0,5.882018818941838,1095842.34,186303.78
2005-06-01,3.7433941652516576,21.75877959117034,98.47,5.812580409818415,935031.68,160863.44
2005-07-01,3.7881401029902393,23.266203761018414,92.64,6.141854083657782,999809.64,162786.29
2005-08-01,3.3820056475035174,20.33073550839912,87.29,6.0114433940719705,873664.89,145333.63
2005-09-01,4.1968973915853764,24.622384404058625,96.66,5.8668063825972,1058088.27,180351.66
2005-10-01,4.843040274764748,28.440611807296072,99.66,5.872470636985892,1222167.49,208118.11
2005-11-01,4.411258323207505,25.861294085517162,100.0,5.86256623183041,1111327.46,189563.31
2005-12-01,5.667268197030407,37.77228595997042,99.26,6.664990017547207,1623173.94,243537.34
2006-01-01,4.401201471792675,26.859468859634557,100.0,6.102758310833313,1176836.75,192836.86
2006-02-01,4.182997469222299,25.197361061993153,100.0,6.023757185461037,1104012.17,183276.34
2006-03-01,4.178730169707149,25.019956706207143,100.0,5.987454487390503,1096239.27,183089.37
2006-04-01,4.234953900635165,25.789785344358425,100.0,6.0897440561254825,1129969.0,185552.79
2006-05-01,4.29099458753413,26.463795910928766,100.0,6.167287180414853,1159500.5,188008.19
2006-06-01,3.683007910948395,22.55064391214845,100.0,6.1228877204180465,988047.33,161369.5
2006-07-01,3.5565495926642705,22.15948041970946,93.89,6.230611957560086,970908.66,155828.78
2006-08-01,3.3044527742410947,20.801031939243074,84.15,6.2948492111588035,911388.79,144783.26
2006-09-01,4.008686831408575,24.81925440598047,92.73,6.191367759516267,1087445.58,175638.99
2006-10-01,4.582753075773038,28.67375585692393,96.37,6.256884318840835,1256329.0,200791.47
2006-11-01,4.463595292847052,27.89479761253071,97.22,6.249401162608167,1222199.26,195570.62
2006-12-01,5.66814642472445,39.5034131891439,92.73,6.96937062473017,1730826.05,248347.54
2007-01-01,4.564392804025688,28.237557591900135,100.0,6.1864871855453085,1260250.48,203710.19
2007-02-01,4.117953883604621,24.83065527412924,100.0,6.029852683147076,1108199.43,183785.49
2007-03-01,4.41480539393717,26.525341198232024,100.0,6.008269636224316,1183833.76,197034.06
2007-04-01,4.015436072220029,25.10958173985199,100.0,6.253263976375438,1120648.0,179210.09
2007-05-01,4.141450032079144,26.623095653074618,100.0,6.428447873777424,1188196.57,184834.13
2007-06-01,3.7910523803620886,24.133230775334,99.48,6.365839443513307,1077073.17,169195.78
2007-07-01,3.5633716006112337,22.94088033451125,93.08,6.4379702444101365,1023858.22,159034.32
2007-08-01,3.1574309575401416,20.95756086084033,85.28,6.637535750636881,935342.09,140917.07
2007-09-01,4.0040131134793775,25.71621275081579,93.39,6.422609522492075,1147722.12,178700.28
2007-10-01,4.577567263687775,29.173575413541617,97.85,6.3731614923422955,1302025.23,204298.17
2007-11-01,4.560940888559956,28.91330869519461,97.07,6.3393298447951425,1290409.45,203556.13
2007-12-01,5.55564508219086,40.3660530343484,95.71,7.26577245975369,1801548.79,247950.07
2008-01-01,5.126521069012762,32.933247155850815,88.23,6.424092813139052,1443544.02,224707.84
2008-02-01,4.780455783024848,30.250025879033654,91.3,6.3278539227263515,1325931.93,209538.96
2008-03-01,4.652328483277254,30.45469286722671,94.45,6.546118352712151,1334902.98,203922.83
2008-04-01,4.636399407212994,30.128576284509432,98.14,6.498270239107841,1320608.5,203224.62
2008-05-01,4.58612064438597,30.285328285202397,98.65,6.603692016317916,1327479.32,201020.78
2008-06-01,4.211415143822514,27.728794506367727,99.09,6.584198792902553,1215420.25,184596.53
2008-07-01,3.9911982509379778,26.92087088319901,94.16,6.745059801745576,1180007.0,174943.89
2008-08-01,3.6607887273533195,24.828880668414946,86.96,6.782385577975092,1088310.0,160461.24
2008-09-01,4.291861757513966,28.621984691237945,97.21,6.668897161267619,1254570.94,188122.7
2008-10-01,4.995634396368801,32.95863612419683,100.0,6.597487628028508,1444656.88,218970.76
2008-11-01,4.758188476468083,31.668648801253948,99.84,6.6556104193588,1388113.61,208562.93
2008-12-01,5.78042833765638,43.088826509300354,100.0,7.454261863017976,1888687.67,253370.18
2009-01-01,5.136482352071555,33.56175397018233,96.86,6.533995771765241,1511451.22,231321.12
2009-02-01,4.318406682693103,27.72712419274326,99.46,6.42068388414305,1248689.08,194479.14
2009-03-01,4.506339696379339,29.310099695924624,100.0,6.504192242647419,1319978.27,202942.69
2009-04-01,4.409969166670315,28.63555461688194,100.0,6.493368441961877,1289600.18,198602.65
2009-05-01,4.301015737248337,27.754935938363243,100.0,6.453111923770834,1249941.58,193695.94
2009-06-01,4.224316605099986,27.52191792004083,100.0,6.515117235013546,1239447.63,190241.8
2009-07-01,3.954178066707442,25.50916912165539,96.88,6.4511938236753,1148803.63,178076.13
2009-08-01,3.3084464002267944,21.753678831806706,87.71,6.575194577828279,979675.39,148995.65
2009-09-01,4.14689114784247,27.216117285092984,98.4,6.563017044528136,1225675.92,186754.95
2009-10-01,4.733013305952418,30.869259906960398,100.0,6.522115597718273,1390194.94,213150.92
2009-11-01,4.582289632282405,29.59907272593579,98.93,6.459450427884172,1332992.15,206363.09
2009-12-01,5.792948575186989,42.46494634769288,96.69,7.330454568435759,1912405.86,260885.03
2010-01-01,5.67257440951089,35.841408723994924,100.0,6.318367312009451,1646468.65,260584.51
2010-02-01,4.358303810470699,26.848141084282975,100.0,6.1602270635151894,1233339.43,200210.06
2010-03-01,4.650910022405989,29.297630955377862,100.0,6.299332993808754,1345863.14,213651.69
2010-04-01,4.215172724129554,26.29878011210557,100.0,6.239075319869925,1208103.1,193634.96
2010-05-01,4.181148315686912,26.065321296162228,100.0,6.234010211589449,1197378.56,192071.96
2010-06-01,3.976437186109118,25.14102266264775,100.0,6.322499636225323,1154918.49,182668.02
2010-07-01,3.81159360746544,24.28864875511849,94.47,6.372308083303111,1115762.47,175095.5
2010-08-01,3.5532532183615486,22.72769553501874,87.03,6.39630618430813,1044056.01,163227.96
2010-09-01,3.957762509672338,24.96739434310386,95.85,6.308461986308245,1146942.42,181810.15
2010-10-01,4.639855246117168,29.65956206277995,99.38,6.392346418048355,1362489.39,213143.86
2010-11-01,4.582236662796318,29.239197571284134,99.65,6.380988090091546,1343178.85,210497.0
2010-12-01,5.341276807094559,37.64494509196299,97.56,7.047930008413164,1729318.8,245365.49
2011-01-01,4.832809028648087,29.647142934418703,100.0,6.134557098920189,1360474.96,221772.32
2011-02-01,4.081923839085945,25.443163887030494,100.0,6.2331304772035905,1167558.96,187315.02
2011-03-01,4.55949286032316,28.60716630401824,100.0,6.274199166525435,1312751.57,209230.14
2011-04-01,4.269391589356406,26.95091283533333,100.0,6.312588637341667,1236747.91,195917.71
2011-05-01,4.267275391605614,27.2965066035755,100.0,6.396706117742465,1252606.83,195820.6
2011-06-01,3.9706012901827377,25.333254315803746,100.0,6.380206035403229,1162515.33,182206.55
2011-07-01,3.9614095260875444,26.013568200206002,100.0,6.566745505329792,1193734.19,181784.75
2011-08-01,3.7098543907351624,24.29286494948113,98.0,6.548199037177613,1114773.0,170241.16
2011-09-01,4.2021193386450095,27.245043184686903,100.0,6.483643368746443,1250245.23,192830.66
2011-10-01,4.6479432144444015,29.431774758813116,100.0,6.332214788543039,1350591.95,213289.03
2011-11-01,4.679204800742175,29.298956164731095,100.0,6.261524641982747,1344497.05,214723.59
2011-12-01,5.473660433955169,38.57396804941785,100.0,7.047197851391922,1770117.2,251180.29
2012-01-01,4.76501590665272,30.0235971616241,100.0,6.30083881141013,1383153.52,219518.95
2012-02-01,4.473965424075767,26.998092363997145,100.0,6.034488379975448,1243771.9,206110.58
2012-03-01,4.489488484045417,27.58533519488959,100.0,6.144427208783666,1270825.52,206825.71
2012-04-01,4.51128172021077,28.26739626144217,100.0,6.265934608961087,1302247.31,207829.7
2012-05-01,4.091682857639884,25.086294239193368,100.0,6.131045614239844,1155697.5,188499.25
2012-06-01,4.044289477114197,25.071599287033266,100.0,6.199259333167986,1155020.52,186315.89
2012-07-01,3.9711618052750173,24.805064702811748,100.0,6.246299173673159,1142741.57,182946.98
2012-08-01,3.6670710666931923,22.955041684070128,97.12,6.259775517459498,1057513.08,168937.86
2012-09-01,4.181835470951797,26.150315311708695,100.0,6.25331041676702,1204715.76,192652.48
2012-10-01,4.591046627303568,28.41963416851213,100.0,6.190229913914785,1309260.74,211504.38
2012-11-01,4.779639878143428,30.17862133130041,100.0,6.313994798918365,1390295.31,220192.66
2012-12-01,5.287472705290027,37.215950523913236,100.0,7.038513974110788,1714497.19,243587.95
2013-01-01,4.83667425264177,30.41838006936306,98.561,6.289110756786779,1378905.897,219252.9199
2013-02-01,4.32809414806235,26.54033523102808,98.189,6.132106724829426,1203108.932,196198.3028
2013-03-01,4.52976974409177,27.7944526325097,98.297,6.13595264279432,1259959.753,205340.5276
2013-04-01,4.46451299083846,27.76198160839383,98.168,6.218367303525294,1258487.798,202382.3516
2013-05-01,4.36674069459896,27.17218493298499,98.141,6.222532280561824,1231751.525,197950.2025
2013-06-01,4.12896921351124,26.19045081618235,97.621,6.3430966572672025,1187248.203,187171.7029
2013-07-01,3.85031663905103,24.44599038891248,96.988,6.3490857195935755,1108169.4760999999,174540.0086
2013-08-01,3.69806634464025,23.29562901824183,93.189,6.299408081741158,1056022.0548999999,167638.2989
2013-09-01,4.1932842098918,26.45355972225683,97.455,6.308553963467073,1199175.282,190087.1878
2013-10-01,4.49074128295914,28.52420489158386,98.254,6.351780940893582,1293040.4,203571.31519999998
2013-11-01,4.67143720527518,29.60051658098936,98.154,6.336490309141524,1341831.05,211762.5033
2013-12-01,5.15071181985592,36.66867202214746,97.524,7.119146499478032,1662240.0,233488.66330000001
2014-01-01,4.76786750359087,30.17787979452655,98.402,6.3294291990703115,1352713.004,213718.0086
2014-02-01,4.20666790343187,25.88924115141823,97.835,6.154334438974219,1160476.263,188562.431
2014-03-01,4.47277540407721,27.86536054463533,98.115,6.229993242950296,1249055.13,200490.6075
2014-04-01,3.9754380555794,25.29586005539488,97.605,6.363037155086077,1133878.161,178197.63319999998
2014-05-01,4.20408032291439,26.39297298772273,97.834,6.277942132520033,1183055.868,188446.4436
2014-06-01,3.88924264074374,24.44661089538779,97.246,6.285699595927709,1095810.8617,174333.9536
2014-07-01,3.80229303825935,24.32593228925834,96.601,6.397700557133935,1090401.485,170436.4678
2014-08-01,3.68451713387885,23.02935242948108,92.645,6.250304067723811,1032282.7421,165157.20369999998
2014-09-01,4.07749681446983,25.5691364123544,97.43,6.270792492496146,1146127.679,182772.3817
2014-10-01,4.44913358159431,27.7419184525571,98.265,6.235353006105058,1243521.881,199430.871
2014-11-01,4.41702410636484,28.06368462108549,98.18,6.353527611643843,1257944.938,197991.5749
2014-12-01,5.07810328515394,36.31285935961483,98.26,7.15087057519626,1627711.337,227624.22
2015-01-01,4.72626055044922,31.02342883727196,97.987,6.564053865867218,1383921.218,210833.3122
2015-02-01,4.07172351340407,25.96244788748801,97.65,6.376279676657772,1158156.395,181635.1311
2015-03-01,4.27215913310045,27.58687934399108,98.22,6.45736230428531,1230620.505,190576.34480000002
2015-04-01,4.15636652634051,27.06543671890059,97.912,6.51180220689787,1207359.52,185410.9633
2015-05-01,4.17328216425206,26.72991454693167,97.971,6.405010132288094,1192392.243,186165.5514
2015-06-01,3.86054469590389,25.15336926823177,97.737,6.515497487937369,1122064.283,172214.6751
2015-07-01,3.67128145512684,23.64659887274234,96.109,6.4409659574644,1054848.9042,163771.849
2015-08-01,3.44948401808556,22.55126801888005,92.55,6.53757718564407,1005987.3932,153877.708
2015-09-01,4.01849388914915,26.45711668848122,97.028,6.583838975075082,1180223.029,179260.6158
2015-10-01,4.5147011430275,29.09587071302782,98.201,6.444694740860847,1297934.959,201395.8785
2015-11-01,4.20143790746936,26.56152713982522,97.533,6.322008732439865,1184880.665,187421.54830000002
2015-12-01,5.02819779202261,36.18202316517391,97.899,7.195823366888578,1614040.467,224302.40219999998
2016-01-01,4.41694132917975,27.51435878823929,97.839,6.229278755973154,1207820.109,193894.05359999998
2016-02-01,4.21819284504731,25.50022476359983,97.89,6.045296101988385,1119404.0352,185169.4303
2016-03-01,4.32319607514288,27.08357056051787,98.21,6.264710202768852,1188909.449,189778.84219999998
2016-04-01,4.308363706692,26.98909297838512,97.994,6.264348791274076,1184762.09,189127.73369999998
2016-05-01,4.04675600779351,25.47600562175399,97.78,6.295414295472864,1118340.8679000002,177643.7285
2016-06-01,3.87116891343597,24.37579989134251,97.511,6.296754400651312,1070044.2452,169935.8395
2016-07-01,3.73983870060505,23.77179438905043,96.737,6.356368895055421,1043529.7261,164170.7307
2016-08-01,3.46658117694764,22.00438214093477,93.277,6.347574459603401,965944.1981,152175.32369999998
2016-09-01,3.91886064964377,25.10387011654395,96.736,6.405910380820987,1102004.934,172029.40230000002
2016-10-01,4.42164104876711,27.62617532169496,97.698,6.247946184912042,1212728.61,194100.361
2016-11-01,4.34749720968849,27.57891565259415,97.727,6.343630443542067,1210654.014,190845.60880000002
2016-12-01,5.0479305257755,37.19852979463965,97.921,7.3690653238388,1632934.013,221593.09780000002
2017-01-01,4.25947231684037,26.76952097824855,97.592,6.284703594013696,1220897.977,194265.00530000002
2017-02-01,3.96315002397112,24.45077819634464,97.768,6.169531319393428,1115145.305,180750.4083
2017-03-01,4.23783861836124,26.96683710700949,98.166,6.363346869833719,1229897.1243,193278.3407
2017-04-01,3.83364330910786,24.7086223909209,97.371,6.4452063999326334,1126905.002,174843.89669999998
2017-05-01,3.65115111493098,23.41469928655184,97.772,6.412963624211545,1067892.0633,166520.8359
2017-06-01,3.62711700494233,23.74355396189177,97.438,6.546122975779011,1082890.3895,165424.6939
2017-07-01,3.66507557107075,24.0038005413258,96.243,6.549333042623482,1094759.6539,167155.89919999999
2017-08-01,3.37344857313388,22.29145975298546,94.274,6.607914503429652,1016663.6205,153855.4441
2017-09-01,4.03730850826631,26.40131932403227,97.102,6.539336607538432,1204105.1231,184132.6109
2017-10-01,4.09371881021154,26.46651994303769,97.652,6.465153365448184,1207078.7775,186705.3586
2017-11-01,4.16704194111017,27.29082018848425,97.96,6.54920698523459,1244673.268,190049.4626
2017-12-01,4.68664646398627,35.04697595758221,97.466,7.478049865056948,1598414.1845999998,213747.46269999997
2018-01-01,4.15003741407132,26.79602694468506,98.006,6.456815751546984,1222779.122,189378.0416
2018-02-01,3.75235194955612,24.28837305285979,97.658,6.472839802709049,1108347.724,171230.5198
2018-03-01,4.04327400294668,26.7126225361602,98.104,6.606681248090637,1218973.141,184506.12269999998
2018-04-01,3.87492337122884,25.5475901287157,97.712,6.593056863628721,1165809.39,176823.8033
2018-05-01,3.78601480087768,24.87145861613483,98.112,6.569297777274687,1134955.581,172766.6517
2018-06-01,3.7150834348999,24.63995229292107,97.762,6.632408860982945,1124391.2873,169529.85119999998
2018-07-01,3.43624711755757,23.21062560695518,96.572,6.754643892856256,1059167.0347,156805.7549
2018-08-01,3.26087609617495,21.72850841779615,94.007,6.663395902495029,991533.8009,148803.0751
2018-09-01,3.69752224441387,24.16451494631214,96.989,6.53532645620167,1102695.7254,168728.484
2018-10-01,4.04935035342795,26.74194158925539,98.431,6.6040078667476045,1220311.053,184783.4039
2018-11-01,4.06294723544948,27.16181155383375,97.985,6.685248412001311,1239470.9168,185403.8684
2018-12-01,4.51475338958763,34.11332546601766,97.551,7.55596652182446,1556688.3198,206021.0716
2019-01-01,4.05963964431543,26.7389899959352,98.148,6.58654273252476,1233305.109,187246.2017
2019-02-01,3.66473643679462,23.99350462949442,97.829,6.547129662203065,1106672.7594,169031.7462
2019-03-01,3.99067731699153,26.47240762161938,98.032,6.633562555635592,1221009.3040999998,184065.39380000002
2019-04-01,3.74342075003029,24.95138760241198,97.905,6.6653975784608335,1150854.008,172660.9695
2019-05-01,3.77756164394684,25.36208408244414,98.02,6.713876958986039,1169796.91,174235.6789
2019-06-01,3.50664375408161,23.65804949540344,97.42,6.746636143995609,1091200.2778,161739.90334
2019-07-01,3.3709843627333,23.4126578704151,96.887,6.945347516068375,1079881.8717999998,155482.7702
2019-08-01,3.30090438581408,22.26640733742801,94.019,6.745547503017594,1027012.3865,152250.412
2019-09-01,3.52785720880005,24.28809546705264,96.676,6.884659448933262,1120260.4224,162718.3495
2019-10-01,3.91652385513259,26.90188735453355,97.957,6.868817438524898,1240818.562,180645.1508
2019-11-01,3.99195671588426,27.75968087687742,98.257,6.953903274156196,1280383.3,184124.40459999998
2019-12-01,4.39277903059396,34.5643048821663,97.675,7.868436960165672,1594238.743,202611.8721
2020-01-01,3.94511506341684,26.85124708279426,98.182,6.806201251716732,1241414.721,182394.6538
2020-02-01,3.79271246913997,26.02437558937572,97.423,6.861679022896484,1203185.94,175348.6189
2020-03-01,4.62904360486057,31.11788424191606,97.91,6.722313915825237,1438674.318,214014.74790000002
2020-04-01,4.87873158022675,32.9555393488959,98.108,6.754940050906465,1523634.696,225558.5815
2020-05-01,4.49693027005929,30.82985374170484,98.248,6.855755346479566,1425357.793,207906.7471
2020-06-01,4.0148907466605,28.07342252064105,97.796,6.992325393659064,1297919.6042,185620.5956
2020-07-01,3.65691450948697,25.62421094552649,96.816,7.007057692776445,1184685.1129,169070.26669999998
2020-08-01,3.33251627809278,23.20964875701268,94.302,6.9646017664152735,1073052.568,154072.35100999998
2020-09-01,3.74677056045992,25.95251574284509,97.156,6.926635971982058,1199863.641,173224.58490000002
2020-10-01,4.4589634635497,31.56963433232411,98.55,7.080038800585295,1459560.097,206151.42630000002
2020-11-01,4.14430803149476,29.16769462608568,98.021,7.038013198928532,1348511.1278,191603.94981999998
2020-12-01,4.7647169912587,38.16570109753771,98.037,8.010066740072094,1764516.301,220287.3407
2021-01-01,4.36648208093018,29.56048273191113,98.208,6.769862370673893,1368405.971,202132.02219999998
2021-02-01,3.84501525547105,26.75220192542687,98.116,6.957632193360291,1238405.786,177992.41919999997
2021-03-01,3.94529020975064,27.71276533956236,98.35,7.0242653559607025,1282871.931,182634.3206
2021-04-01,3.86507901290309,27.54310536988517,98.052,7.12614290107289,1275018.077,178921.2053
2021-05-01,3.61905498902879,25.72537387810789,97.867,7.1083125169677315,1190872.1363,167532.32690000001
2021-06-01,3.36180649401338,24.05518688665981,97.588,7.155434713299714,1113556.2862,155623.84828
2021-07-01,3.40439728067261,24.58416701046006,96.706,7.221297922551185,1138043.6927999998,157595.4496
2021-08-01,3.10074446645246,22.0083134134606,94.682,7.097751411498972,1018802.9661000001,143538.83463
2021-09-01,3.43975067311441,24.17954776795417,97.265,7.029447790197403,1119313.1669,159232.01940000002
2021-10-01,3.76734167803506,26.50286852878977,97.866,7.034899086353344,1226863.711,174396.77469999998
2021-11-01,3.78991476689033,27.32018785624515,97.823,7.208654953119615,1264698.839,175441.72209999998
2021-12-01,4.23413857516152,34.68615436136071,97.919,8.192021528260327,1605682.193,196005.61198
2022-01-01,3.55094411789364,25.53566225617691,97.381,7.191231798748844,1185557.679,164861.5581
2022-02-01,3.24359505669442,23.15501363385767,97.245,7.138688162096023,1075030.048,150592.10090000002
2022-03-01,3.68656065503848,26.20234872890554,97.661,7.107532245019319,1216510.284,171157.8987
2022-04-01,3.23506031802684,24.08063764798041,97.073,7.443644099553563,1118004.483,150195.85408000002
2022-05-01,3.01453178072781,22.88724271459325,97.235,7.5923043375802255,1062598.1061,139957.2592
2022-06-01,2.90833318534152,22.51963604740781,96.756,7.743141728365391,1045531.0372,135026.72092
2022-07-01,2.84183090660695,22.59765809471424,95.999,7.951795457701953,1049153.408,131939.1845
2022-08-01,2.87516362429961,22.78510082839184,95.252,7.924801439411042,1057855.9108,133486.74019
2022-09-01,3.11219923423504,24.64250810118918,96.792,7.918036811433807,1144090.7393,144491.71765
2022-10-01,3.35411479576127,26.88520009408949,97.187,8.015587340083105,1248213.385,155723.2592
2022-11-01,3.32143574220258,27.00908905233144,97.306,8.13175119095352,1253965.2430999998,154206.05152
2022-12-01,3.79168451388535,34.28798619693386,96.935,9.042942805860932,1585932.7567,175377.94838999998
2023-01-01,3.67859805453806,29.18151791933443,97.569,7.932782404246347,1373201.712,173104.674
2023-02-01,3.3606844883085,26.47414230249472,97.549,7.877604218603595,1245800.086,158144.5388
2023-03-01,3.55894444418606,28.67477229086564,97.632,8.057100283683583,1349355.661,167474.10525999998
2023-04-01,3.23904665451585,26.55180726855637,97.27,8.197414270503966,1249454.785,152420.59798
2023-05-01,3.35751501220111,27.59831189979527,97.463,8.219862547003903,1298700.4053,157995.392
2023-06-01,3.11563536123423,26.02544429987058,97.152,8.35317400222367,1224685.5961,146613.20305
2023-07-01,3.0311575258798,25.57587909807763,96.12,8.437660820895198,1203530.2982,142637.90922
2023-08-01,2.98682923250632,25.3583713553132,94.823,8.49006400477552,1193294.984,140551.94205
2023-09-01,3.37936345157508,27.9245900066216,97.037,8.26326922415116,1314054.1527,159023.51927000002
2023-10-01,3.44916809657471,28.84154575202447,97.153,8.361884647102677,1357203.5599,162308.33325
2023-11-01,3.61384094922821,30.2157732560603,97.373,8.36112426655449,1421870.9143,170057.38331
